okrf,sdfsdfsdf
u8myburger,hamza123
poel,loop201,lpoe,oikl,asdek@gmail.com
weeb,weebforlife,weeb,beew,weeb514@hotmail.com
hamza,shaikh123,hamza,shaikh,contacthamza.business@gmail.com
ayokj,jnn,m,mn,ayokm,oyajn,ayo@gmail.com
johnny,johnny123,Johnny,JohnnyBoy,johnnyboy@gmail.com
manny,manny123,manny,manly,manny@hotmail.com
manny,manny123,manny,manly,manny@hotmail.com
pleasee,work123,please,workplz,thanks@hotmail.com
dummy,DUMMY123,DUMMY,DUMMY,DUMMY514@hotmail.com
dummy,DUMMY123,DUMMY,DUMMY,DUMMY514@hotmail.com
sdjfdsk,dsjfsljfn,sdjfdsfn,sdlkfsd,sdjflsd@gmail.com
hellooo,hello514,hello,hello,hello514@hotmail.com
blablabla,blablabla514,blabla,lalabla,blabla514@hotmail.com
sahda,sdfsdsda,asdasd,asdasdas,asdasd@gmail.com
safdsa,sdfasdf,sdfsasfad,sdfsaf,fdsfa@gmail.com
ljkmw4refsd,ewlmfksd,.c x,kdmls,,ekmlfds,. ,fdsfdssdfdsfa@gmail.com
asdas,dsadss,dfsfsd,dsdfds,fdsfdssdsdfdsfa@gmail.com
hamzahhhh,hamzah123,hamzah,Sheikhh,hamzah_sheikh@outlook.com
hamzashaikh,shaikh1234,hamza,shaikh,hamzashaikh222@hotmail.com
asdas,sdsad,dasda,asdasda,asdasd@gmail.com
hamza123,qwerty123,hamza,shaikh,hamzashaikh8@hotmail.com